frame_id,eps,n_raw,n_downsampled,n_ground,n_non_ground,ground_ratio,n_clusters,n_noise,nearest_obstacle_m,largest_cluster_pts,mean_cluster_height,latency_p50_ms,latency_p95_ms
000011,0.3,108004,42515,14858,27657,0.3495,178,4824,2.47,6030,0.748,119.68,143.77
000001,0.3,120268,63843,30904,32939,0.4841,228,14653,1.56,9336,0.56,137.83,147.09
000008,0.3,122555,54664,15741,38923,0.288,178,7299,4.08,5834,0.774,152.8,168.23
000011,0.5,108004,42515,15272,27243,0.3592,124,1905,2.68,9746,1.093,124.98,135.0
000001,0.5,120268,63843,29270,34573,0.4585,191,5374,1.56,11492,0.674,147.3,154.32
000008,0.5,122555,54664,15237,39427,0.2787,109,2628,6.49,9791,1.095,188.11,216.33
000011,0.8,108004,42515,15211,27304,0.3578,111,806,2.65,11409,1.375,166.83,202.85
000001,0.8,120268,63843,30174,33669,0.4726,111,2413,1.56,14222,0.902,176.56,196.2
000008,0.8,122555,54664,15560,39104,0.2846,96,936,6.46,10551,1.343,219.91,246.09
000011,1.0,108004,42515,15323,27192,0.3604,107,611,2.65,11342,1.381,173.53,193.02
000001,1.0,120268,63843,30216,33627,0.4733,87,1511,1.56,14903,1.101,212.46,258.09
000008,1.0,122555,54664,15861,38803,0.2902,71,588,6.49,13124,1.56,247.97,270.93
000011,1.5,108004,42515,15046,27469,0.3539,64,241,6.34,11893,1.827,215.11,229.5
000001,1.5,120268,63843,31221,32622,0.489,54,717,1.23,15996,1.209,288.16,325.74
000008,1.5,122555,54664,15274,39390,0.2794,63,177,6.51,14035,1.641,337.32,400.63
