frame_id,voxel_size,n_raw,n_downsampled,n_ground,n_non_ground,ground_ratio,n_clusters,n_noise,nearest_obstacle_m,largest_cluster_pts,mean_cluster_height,latency_p50_ms,latency_p95_ms
000011,0.05,108004,72530,26012,46518,0.3586,139,1819,1.53,17832,0.958,298.97,386.88
000001,0.05,120268,90603,47603,43000,0.5254,165,5458,1.53,16646,0.735,283.93,448.77
000008,0.05,122555,85577,28438,57139,0.3323,132,2636,1.51,16280,0.905,361.23,425.02
000011,0.1,108004,42515,15051,27464,0.354,130,1957,2.68,9993,1.014,150.26,181.25
000001,0.1,120268,63843,30444,33399,0.4769,167,5493,1.56,11512,0.764,161.8,174.7
000008,0.1,122555,54664,15247,39417,0.2789,103,2460,6.48,10076,1.146,181.73,193.33
000011,0.2,108004,20552,7458,13094,0.3629,108,2199,2.64,3001,1.167,98.77,145.01
000001,0.2,120268,37693,16305,21388,0.4326,112,6024,4.47,4498,1.065,112.33,120.1
000008,0.2,122555,27896,7548,20348,0.2706,103,3062,6.66,3429,1.178,116.64,128.68
000011,0.3,108004,12907,4698,8209,0.364,115,2917,2.31,827,1.123,96.02,115.42
000001,0.3,120268,25168,10669,14499,0.4239,128,6259,4.18,2089,1.022,101.05,115.86
000008,0.3,122555,16990,4475,12515,0.2634,119,4046,4.1,1012,1.069,100.35,124.19
000011,0.5,108004,6581,2447,4134,0.3718,5,4084,3.52,10,0.736,75.84,78.13
000001,0.5,120268,13992,5926,8066,0.4235,4,8026,5.51,10,0.586,87.13,96.2
000008,0.5,122555,8460,2201,6259,0.2602,10,6155,4.89,13,0.712,88.81,95.65
