frame_id,distance_threshold,n_raw,n_downsampled,n_ground,n_non_ground,ground_ratio,n_clusters,n_noise,nearest_obstacle_m,largest_cluster_pts,mean_cluster_height,latency_p50_ms,latency_p95_ms
000011,0.1,108004,42515,13422,29093,0.3157,145,2225,2.68,10162,0.975,131.14,185.68
000001,0.1,120268,63843,20125,43718,0.3152,173,6064,1.56,12339,0.744,175.43,196.13
000008,0.1,122555,54664,10814,43850,0.1978,130,2830,6.39,11188,0.93,175.78,206.95
000011,0.15,108004,42515,14478,28037,0.3405,133,2036,2.68,10114,1.018,136.49,161.55
000001,0.15,120268,63843,25525,38318,0.3998,175,6070,1.56,11726,0.741,175.78,204.08
000008,0.15,122555,54664,13538,41126,0.2477,124,2691,6.5,10039,0.944,189.24,204.33
000011,0.2,108004,42515,15040,27475,0.3538,122,1813,2.68,9932,1.105,136.26,147.08
000001,0.2,120268,63843,30860,32983,0.4834,149,5052,1.56,11737,0.839,160.0,172.53
000008,0.2,122555,54664,15224,39440,0.2785,123,2595,4.08,8579,0.996,177.76,194.58
000011,0.3,108004,42515,16031,26484,0.3771,122,1755,2.68,9787,1.053,132.76,146.31
000001,0.3,120268,63843,35064,28779,0.5492,131,4209,1.56,9730,0.95,148.37,162.34
000008,0.3,122555,54664,18501,36163,0.3384,106,2454,4.08,8018,1.087,168.86,182.06
000011,0.5,108004,42515,19219,23296,0.4521,150,1827,2.39,6373,0.626,125.43,132.0
000001,0.5,120268,63843,40566,23277,0.6354,127,3548,1.56,7150,0.906,140.67,145.45
000008,0.5,122555,54664,23073,31591,0.4221,132,2468,4.06,4588,0.768,148.36,189.1
